<?xml version="1.0" encoding="UTF-8"?>
<project-private xmlns="http://www.netbeans.org/ns/project-private/1">
    <editor-bookmarks xmlns="http://www.netbeans.org/ns/editor-bookmarks/2" lastBookmarkId="1"/>
    <open-files xmlns="http://www.netbeans.org/ns/projectui-open-files/2">
        <group>
            <file>file:/C:/Users/Aya/Desktop/SWProject/src/swproject/SignUpTeacher.java</file>
            <file>file:/C:/Users/Aya/Desktop/SWProject/src/swproject/LoginForm.java</file>
            <file>file:/C:/Users/Aya/Desktop/SWProject/src/swproject/PlayGame.java</file>
            <file>file:/C:/Users/Aya/Desktop/SWProject/src/swproject/Controller.java</file>
            <file>file:/C:/Users/Aya/Desktop/SWProject/src/swproject/SignUpStudent.java</file>
            <file>file:/C:/Users/Aya/Desktop/SWProject/src/swproject/Game.java</file>
            <file>file:/C:/Users/Aya/Desktop/SWProject/src/swproject/SignUpForm.java</file>
            <file>file:/C:/Users/Aya/Desktop/SWProject/src/swproject/AddGame.java</file>
            <file>file:/C:/Users/Aya/Desktop/SWProject/src/swproject/GenerateQuestion.java</file>
            <file>file:/C:/Users/Aya/Desktop/SWProject/src/swproject/HomePage.java</file>
        </group>
    </open-files>
</project-private>
